{
  "project_info": {
    "project_number": "260496197114",
    "firebase_url": "https://gupshup-56a9a.firebaseio.com",
    "project_id": "gupshup-56a9a",
    "storage_bucket": "gupshup-56a9a.appspot.com"
  },
  "client": [
    {
      "client_info": {
        "mobilesdk_app_id": "1:260496197114:android:c030792698951945879043",
        "android_client_info": {
          "package_name": "com.example.android.gupshup"
        }
      },
      "oauth_client": [
        {
          "client_id": "260496197114-jon2pgmftci59un7qumcajdhrcdq53ml.apps.googleusercontent.com",
          "client_type": 3
        }
      ],
      "api_key": [
        {
          "current_key": "AIzaSyC8pflu0257ZsE_Ovo0HpV0cILPDcZfsyM"
        }
      ],
      "services": {
        "appinvite_service": {
          "other_platform_oauth_client": [
            {
              "client_id": "260496197114-jon2pgmftci59un7qumcajdhrcdq53ml.apps.googleusercontent.com",
              "client_type": 3
            }
          ]
        }
      }
    }
  ],
  "configuration_version": "1"
}